{"cameraMode":{"drawMode":0,"name":"Shaded","section":"Shading Mode"},"sceneLighting":true,"audioPlay":false,"sceneViewState":{"showFog":false,"showMaterialUpdate":false,"showSkybox":false,"showFlares":false,"showImageEffects":false,"showParticleSystems":false},"in2DMode":false,"pivot":{"x":24.16518211364746,"y":-15.345474243164063,"z":9.143232345581055},"rotation":{"x":0.5524603128433228,"y":0.0349847786128521,"z":-0.023216981440782548,"w":0.8324812650680542},"size":55.383853912353519,"orthographic":false}