{"cameraMode":{"drawMode":0,"name":"Shaded","section":"Shading Mode"},"sceneLighting":false,"audioPlay":false,"sceneViewState":{"showFog":false,"showMaterialUpdate":false,"showSkybox":false,"showFlares":false,"showImageEffects":false,"showParticleSystems":false},"in2DMode":false,"pivot":{"x":9.660481452941895,"y":0.22909963130950929,"z":-2.751509189605713},"rotation":{"x":0.30224311351776125,"y":0.47034066915512087,"z":-0.175429567694664,"w":0.8103447556495667},"size":2.829409599304199,"orthographic":false}